latitude;longitude
42.14553591;-80.01611432
42.14553589;-80.01611428
42.14553584;-80.01611423
42.14553579;-80.01611423
42.14553574;-80.01611428
42.1455357;-80.01611437
42.14553566;-80.0161145
42.14553566;-80.01611463
42.14553567;-80.01611479
42.14553563;-80.0161149
42.14553557;-80.01611501
42.14553552;-80.01611512
42.14553546;-80.0161152
42.14553541;-80.01611526
42.14553538;-80.01611531
42.14553538;-80.01611536
42.14553547;-80.01611533
42.1455357;-80.0161152
42.14553619;-80.01611486
42.14553704;-80.01611405
42.14553819;-80.01611276
42.1455397;-80.01611119
42.14554146;-80.01610922
42.14554345;-80.0161068
42.14554562;-80.01610398
42.14554797;-80.01610078
42.14555051;-80.01609714
42.1455532;-80.01609296
42.14555603;-80.01608836
42.14555904;-80.01608329
42.14556233;-80.0160778
42.14556588;-80.01607185
42.14556968;-80.01606528
42.14557375;-80.01605808
42.14557815;-80.01605025
42.14558284;-80.01604186
42.14558795;-80.0160329
42.14559324;-80.01602321
42.14559895;-80.016013
42.14560489;-80.01600205
42.14561112;-80.0159905
42.14561776;-80.01597848
42.14562469;-80.01596596
42.14563184;-80.01595284
42.14563934;-80.0159394
42.14564688;-80.01592526
42.14565452;-80.0159106
42.14566242;-80.0158956
42.14567042;-80.01588015
42.14567851;-80.01586417
42.14568691;-80.01584784
42.14569547;-80.01583107
42.14570423;-80.01581385
42.14571328;-80.01579632
42.14572232;-80.01577826
42.14573162;-80.01575982
42.14574123;-80.01574118
42.14575101;-80.01572208
42.14576088;-80.01570255
42.14577104;-80.01568279
42.14578132;-80.0156628
42.14579173;-80.01564259
42.14580222;-80.01562225
42.14581296;-80.01560187
42.14582364;-80.01558118
42.1458342;-80.01556003
42.1458448;-80.01553876
42.14585553;-80.01551753
42.14586643;-80.01549634
42.14587734;-80.01547513
42.1458881;-80.01545354
42.14589861;-80.0154317
42.14590903;-80.0154097
42.14591947;-80.01538772
42.14593009;-80.01536575
42.14594085;-80.01534386
42.14595147;-80.01532178
42.145962;-80.01529948
42.14597259;-80.01527726
42.14598326;-80.01525497
42.14599399;-80.01523275
42.14600472;-80.01521039
42.14601541;-80.01518788
42.14602606;-80.01516517
42.14603678;-80.01514248
42.14604743;-80.0151197
42.14605804;-80.01509679
42.14606869;-80.01507393
42.14607933;-80.01505095
42.14608989;-80.01502788
42.1461004;-80.01500479
42.1461109;-80.01498182
42.14612133;-80.01495876
42.14613181;-80.01493578
42.14614232;-80.01491285
42.14615276;-80.01488977
42.14616316;-80.0148668
42.14617358;-80.01484382
42.14618383;-80.01482084
42.14619417;-80.01479786
42.14620455;-80.01477493
42.14621501;-80.01475195
42.14622549;-80.01472899
42.14623577;-80.01470589
42.14624596;-80.01468269
42.1462562;-80.01465967
42.14626645;-80.0146366
42.14627668;-80.01461352
42.14628693;-80.01459046
42.1462971;-80.01456739
42.14630722;-80.01454421
42.14631748;-80.0145212
42.14632774;-80.01449819
42.14633778;-80.01447486
42.14634776;-80.01445145
42.14635795;-80.01442822
42.14636824;-80.0144051
42.14637859;-80.01438194
42.14638885;-80.01435876
42.14639896;-80.01433534
42.14640902;-80.01431188
42.14641915;-80.01428854
42.14642931;-80.01426516
42.14643934;-80.01424166
42.14644931;-80.01421811
42.14645913;-80.01419448
42.14646899;-80.01417089
42.14647889;-80.01414745
42.14648886;-80.01412396
42.14649871;-80.01410036
42.14650849;-80.01407665
42.14651816;-80.01405268
42.14652783;-80.01402873
42.14653765;-80.01400488
42.14654741;-80.01398101
42.14655708;-80.01395698
42.14656676;-80.01393299
42.14657647;-80.01390891
42.14658604;-80.0138847
42.14659561;-80.01386053
42.14660508;-80.01383618
42.14661443;-80.01381177
42.14662384;-80.01378738
42.14663338;-80.01376317
42.14664288;-80.01373896
42.14665229;-80.01371475
42.14666179;-80.01369052
42.14667121;-80.01366617
42.1466806;-80.01364184
42.14669017;-80.01361756
42.14669985;-80.01359358
42.1467094;-80.0135696
42.14671871;-80.01354559
42.14672788;-80.01352146
42.14673705;-80.01349741
42.14674636;-80.01347346
42.14675564;-80.01344949
42.14676474;-80.01342544
42.14677367;-80.01340116
42.14678265;-80.01337697
42.14679176;-80.01335296
42.1468009;-80.01332907
42.14680976;-80.01330495
42.14681805;-80.01328047
42.14682635;-80.01325591
42.14683493;-80.01323147
42.14684364;-80.01320714
42.14685223;-80.01318269
42.14686053;-80.01315812
42.14686906;-80.01313359
42.14687784;-80.0131092
42.14688666;-80.0130848
42.14689543;-80.0130604
42.14690412;-80.01303586
42.14691271;-80.01301125
42.1469214;-80.01298683
42.14693029;-80.01296252
42.14693931;-80.01293844
42.14694835;-80.0129143
42.14695691;-80.01288996
42.14696546;-80.01286553
42.14697393;-80.01284113
42.14698257;-80.01281675
42.14699124;-80.01279234
42.14699976;-80.01276779
42.14700822;-80.01274307
42.14701685;-80.01271843
42.14702585;-80.01269404
42.14703496;-80.01266977
42.14704391;-80.01264525
42.14705268;-80.01262048
42.14706157;-80.0125957
42.14707063;-80.01257105
42.14707985;-80.01254658
42.14708887;-80.01252191
42.14709737;-80.01249695
42.14710583;-80.01247192
42.1471145;-80.01244709
42.14712331;-80.01242243
42.14713183;-80.01239769
42.14713975;-80.01237247
42.14714748;-80.01234719
42.14715551;-80.01232227
42.14716376;-80.01229766
42.14717189;-80.01227306
42.14717966;-80.0122483
42.14718702;-80.01222315
42.14719448;-80.01219801
42.14720225;-80.01217315
42.14721034;-80.01214857
42.14721814;-80.01212381
42.14722555;-80.01209877
42.14723298;-80.01207364
42.14724065;-80.01204868
42.14724861;-80.01202394
42.14725678;-80.01199929
42.14726473;-80.01197451
42.14727257;-80.01194967
42.14728061;-80.01192488
42.14728879;-80.01190029
42.14729715;-80.01187589
42.14730543;-80.01185142
42.14731347;-80.01182679
42.14732148;-80.01180215
42.14732968;-80.01177761
42.14733804;-80.01175319
42.14734632;-80.01172875
42.1473543;-80.01170406
42.14736216;-80.01167931
42.14737004;-80.01165461
42.1473782;-80.0116301
42.14738635;-80.01160557
42.14739435;-80.01158087
42.14740235;-80.01155608
42.14741054;-80.01153131
42.14741885;-80.01150664
42.14742693;-80.01148181
42.14743477;-80.01145688
42.14744254;-80.01143185
42.1474503;-80.01140682
42.14745807;-80.0113818
42.14746576;-80.01135674
42.14747292;-80.01133129
42.14747984;-80.01130567
42.14748705;-80.01128016
42.14749416;-80.01125451
42.14750102;-80.01122874
42.14750786;-80.01120305
42.14751438;-80.01117714
42.14752054;-80.01115101
42.14752683;-80.01112498
42.14753352;-80.01109919
42.14754017;-80.01107339
42.14754675;-80.01104755
42.14755338;-80.01102174
42.14756004;-80.01099584
42.14756675;-80.01096998
42.14757359;-80.01094416
42.1475805;-80.01091836
42.14758737;-80.01089257
42.14759426;-80.01086676
42.14760122;-80.01084109
42.14760832;-80.01081564
42.14761534;-80.01079021
42.14762232;-80.01076479
42.1476293;-80.01073936
42.14763628;-80.01071383
42.14764338;-80.01068835
42.14765064;-80.010663
42.14765785;-80.01063766
42.14766485;-80.01061212
42.14767187;-80.01058659
42.14767911;-80.0105611
42.14768643;-80.01053563
42.14769359;-80.01051008
42.14770056;-80.01048439
42.14770748;-80.0104587
42.14771466;-80.01043324
42.14772211;-80.01040794
42.1477293;-80.01038258
42.14773616;-80.0103571
42.14774266;-80.01033147
42.14774924;-80.01030595
42.14775645;-80.01028087
42.147764;-80.01025605
42.14777144;-80.01023121
42.14777852;-80.01020612
42.14778553;-80.0101809
42.14779257;-80.01015562
42.1478;-80.01013057
42.1478076;-80.01010555
42.14781498;-80.01008044
42.14782215;-80.01005518
42.14782928;-80.01002988
42.1478366;-80.01000471
42.14784405;-80.00997958
42.14785114;-80.00995427
42.14785799;-80.00992882
42.14786484;-80.00990339
42.14787166;-80.00987798
42.14787852;-80.00985253
42.14788543;-80.00982718
42.14789221;-80.00980164
42.14789879;-80.00977601
42.14790551;-80.00975038
42.14791229;-80.00972486
42.14791907;-80.00969926
42.1479257;-80.00967356
42.14793224;-80.0096478
42.14793887;-80.00962207
42.14794549;-80.00959636
42.14795205;-80.00957056
42.1479587;-80.00954484
42.1479655;-80.00951921
42.14797221;-80.00949354
42.14797896;-80.00946789
42.14798589;-80.00944231
42.14799292;-80.0094168
42.1479998;-80.00939114
42.14800687;-80.00936566
42.14801407;-80.00934019
42.14802121;-80.00931476
42.1480284;-80.00928935
42.14803567;-80.00926408
42.14804276;-80.00923871
42.14804991;-80.00921342
42.14805724;-80.00918826
42.14806462;-80.0091631
42.1480718;-80.00913792
42.14807883;-80.00911258
42.14808598;-80.00908729
42.14809343;-80.00906212
42.14810097;-80.00903701
42.1481085;-80.00901187
42.14811607;-80.00898681
42.1481232;-80.00896155
42.14813034;-80.00893626
42.14813787;-80.00891125
42.14814562;-80.0088863
42.14815321;-80.0088612
42.14816073;-80.00883593
42.1481683;-80.00881064
42.14817597;-80.00878531
42.1481838;-80.00876012
42.14819176;-80.00873509
42.14819968;-80.00871006
42.14820735;-80.00868496
42.14821501;-80.00865975
42.14822286;-80.00863466
42.14823091;-80.00860964
42.14823884;-80.00858461
42.14824668;-80.00855956
42.14825458;-80.0085346
42.14826252;-80.00850977
42.1482704;-80.00848486
42.14827836;-80.00846004
42.14828649;-80.00843524
42.14829451;-80.00841032
42.14830258;-80.00838539
42.14831078;-80.00836058
42.14831893;-80.00833577
42.14832684;-80.00831089
42.14833474;-80.00828607
42.14834272;-80.00826129
42.1483508;-80.00823661
42.1483589;-80.00821186
42.14836728;-80.00818722
42.14837577;-80.00816256
42.14838384;-80.00813764
42.14839176;-80.00811258
42.14839998;-80.00808776
42.14840832;-80.00806306
42.14841676;-80.00803841
42.14842502;-80.0080137
42.148433;-80.00798877
42.14844063;-80.00796355
42.1484483;-80.00793826
42.14845632;-80.00791324
42.14846444;-80.00788827
42.14847265;-80.00786337
42.14848085;-80.00783855
42.14848919;-80.00781379
42.14849766;-80.00778906
42.14850593;-80.00776416
42.14851415;-80.00773925
42.14852251;-80.00771446
42.14853091;-80.0076897
42.1485393;-80.00766486
42.14854773;-80.00764008
42.14855603;-80.00761531
42.14856405;-80.00759042
42.1485723;-80.00756578
42.14858095;-80.0075414
42.14858956;-80.00751695
42.14859794;-80.00749232
42.14860629;-80.00746769
42.14861457;-80.00744298
42.14862286;-80.00741837
42.14863141;-80.00739398
42.14864009;-80.00736957
42.14864864;-80.00734513
42.14865692;-80.00732051
42.14866527;-80.0072959
42.14867393;-80.0072715
42.14868284;-80.00724719
42.14869161;-80.00722267
42.14870045;-80.00719819
42.14870932;-80.00717372
42.14871813;-80.00714911
42.14872704;-80.00712452
42.14873614;-80.00710004
42.14874525;-80.0070756
42.14875416;-80.00705111
42.14876299;-80.00702671
42.14877181;-80.00700235
42.14878066;-80.00697807
42.14878935;-80.00695369
42.14879789;-80.00692914
42.14880651;-80.00690461
42.14881515;-80.00688004
42.14882374;-80.00685544
42.14883249;-80.00683095
42.14884135;-80.00680664
42.14884989;-80.00678215
42.14885858;-80.00675769
42.14886738;-80.00673341
42.14887616;-80.00670902
42.14888488;-80.0066846
42.14889374;-80.00666024
42.14890272;-80.00663613
42.14891175;-80.00661206
42.14892088;-80.00658803
42.14893011;-80.00656408
42.14893945;-80.00654008
42.14894861;-80.00651597
42.14895777;-80.00649179
42.14896718;-80.00646791
42.14897671;-80.00644404
42.14898586;-80.00641991
42.1489949;-80.00639564
42.14900413;-80.00637151
42.14901341;-80.00634751
42.14902261;-80.00632337
42.14903181;-80.00629928
42.1490409;-80.00627503
42.1490498;-80.0062506
42.14905882;-80.00622623
42.14906818;-80.00620211
42.14907758;-80.00617792
42.14908656;-80.0061535
42.14909528;-80.00612896
42.1491043;-80.00610458
42.14911364;-80.0060805
42.14912305;-80.00605635
42.14913226;-80.00603217
42.14914131;-80.00600796
42.14915008;-80.0059836
42.1491589;-80.00595924
42.14916824;-80.00593524
42.14917751;-80.00591126
42.14918627;-80.00588696
42.14919484;-80.00586259
42.14920364;-80.0058383
42.14921276;-80.00581423
42.14922187;-80.00579011
42.14923091;-80.00576591
42.14923994;-80.00574159
42.14924886;-80.00571714
42.14925773;-80.00569265
42.1492668;-80.00566835
42.14927578;-80.00564418
42.14928436;-80.00561982
42.14929269;-80.00559534
42.14930089;-80.00557131
42.14930928;-80.00554773
42.14931777;-80.00552417
42.14932624;-80.00550069
42.14933478;-80.00547681
42.14934322;-80.00545289
42.14935181;-80.00542912
42.14936068;-80.00540561
42.14936941;-80.00538205
42.14937769;-80.00535818
42.14938476;-80.00533238
42.14939268;-80.00530773
42.14940123;-80.00528143
42.1494107;-80.00525262
42.14942035;-80.00522639
42.14942975;-80.00520173
42.14943876;-80.00517723
42.14944766;-80.00515291
42.14945685;-80.00512887
42.14946601;-80.00510486
42.14947489;-80.00508057
42.14948363;-80.00505609
42.14949249;-80.00503173
42.14950137;-80.00500743
42.1495101;-80.00498315
42.14951867;-80.00495878
42.14952744;-80.00493449
42.14953634;-80.0049103
42.14954532;-80.00488613
42.14955436;-80.00486202
42.14956343;-80.00483795
42.14957253;-80.00481388
42.14958172;-80.00478983
42.14959126;-80.00476589
42.14960079;-80.00474194
42.14961027;-80.00471797
42.14961967;-80.00469399
42.14962896;-80.00466999
42.1496383;-80.00464602
42.14964772;-80.00462214
42.14965701;-80.00459813
42.14966613;-80.00457402
42.14967527;-80.00454991
42.14968439;-80.00452572
42.14969351;-80.00450157
42.14970274;-80.00447758
42.1497119;-80.00445349
42.14972095;-80.00442934
42.14973003;-80.0044051
42.14973911;-80.00438092
42.14974827;-80.00435673
42.14975736;-80.00433257
42.14976631;-80.00430821
42.14977522;-80.00428386
42.14978415;-80.00425954
42.14979302;-80.0042352
42.14980187;-80.00421078
42.14981085;-80.00418629
42.1498198;-80.0041618
42.14982875;-80.00413728
42.14983767;-80.00411286
42.14984635;-80.00408834
42.14985485;-80.00406382
42.14986342;-80.00403943
42.14987199;-80.0040151
42.14988053;-80.00399081
42.14988917;-80.00396651
42.14989782;-80.00394222
42.14990648;-80.00391782
42.14991523;-80.00389343
42.14992411;-80.00386896
42.14993302;-80.0038445
42.14994204;-80.00382005
42.14995106;-80.00379557
42.14996013;-80.00377116
42.14996928;-80.00374689
42.1499783;-80.00372261
42.14998722;-80.00369826
42.14999622;-80.00367403
42.15000522;-80.00364975
42.15001432;-80.00362549
42.15002348;-80.00360128
42.15003251;-80.00357702
42.15004131;-80.00355276
42.15005014;-80.00352855
42.15005906;-80.00350445
42.15006799;-80.00348026
42.15007696;-80.00345613
42.15008585;-80.00343187
42.15009477;-80.00340763
42.15010371;-80.0033834
42.15011266;-80.00335912
42.15012158;-80.00333477
42.15013054;-80.00331043
42.15013958;-80.0032861
42.15014875;-80.00326177
42.15015798;-80.00323745
42.15016708;-80.00321297
42.15017607;-80.00318848
42.15018502;-80.00316402
42.15019392;-80.00313954
42.15020275;-80.00311505
42.1502117;-80.00309064
42.15022063;-80.00306622
42.15022953;-80.00304174
42.1502384;-80.00301728
42.15024718;-80.00299278
42.15025582;-80.00296828
42.15026449;-80.00294387
42.15027313;-80.00291943
42.15028174;-80.002895
42.15029037;-80.00287058
42.15029894;-80.00284612
42.15030748;-80.00282162
42.15031623;-80.00279726
42.15032501;-80.00277289
42.15033372;-80.0027485
42.15034245;-80.00272421
42.15035124;-80.00269991
42.15036015;-80.00267555
42.15036917;-80.00265121
42.15037819;-80.0026268
42.15038702;-80.00260225
42.15039601;-80.00257784
42.15040514;-80.00255352
42.15041432;-80.00252921
42.15042337;-80.00250485
42.15043223;-80.00248035
42.15044112;-80.00245598
42.15045011;-80.00243168
42.15045917;-80.0024075
42.15046802;-80.00238316
42.1504768;-80.00235894
42.15048565;-80.00233479
42.15049464;-80.00231067
42.15050369;-80.00228667
42.15051277;-80.00226254
42.15052166;-80.00223824
42.15053049;-80.00221384
42.15053948;-80.00218964
42.1505487;-80.00216559
42.15055791;-80.00214148
42.15056702;-80.00211724
42.15057597;-80.00209285
42.15058494;-80.00206856
42.15059401;-80.0020443
42.1506032;-80.00202009
42.15061246;-80.00199585
42.15062165;-80.00197151
42.15063057;-80.00194702
42.15063936;-80.00192265
42.15064798;-80.0018983
42.15065669;-80.00187397
42.15066546;-80.0018497
42.15067418;-80.00182523
42.15068282;-80.00180072
42.15069162;-80.00177629
42.15070043;-80.00175188
42.15070905;-80.00172729
42.1507178;-80.00170282
42.1507267;-80.00167844
42.15073558;-80.00165405
42.15074448;-80.00162962
42.15075351;-80.00160521
42.15076259;-80.00158087
42.15077176;-80.0015566
42.15078089;-80.0015324
42.15078992;-80.00150814
42.15079893;-80.00148392
42.15080798;-80.0014597
42.15081704;-80.00143548
42.15082621;-80.00141139
42.15083545;-80.00138727
42.1508446;-80.00136306
42.15085374;-80.00133889
42.15086281;-80.00131474
42.15087183;-80.00129058
42.1508809;-80.00126655
42.15088998;-80.00124255
42.15089905;-80.00121848
42.1509081;-80.00119442
42.15091715;-80.00117031
42.15092609;-80.00114611
42.15093509;-80.00112198
42.15094408;-80.00109781
42.1509529;-80.00107346
42.1509618;-80.00104908
42.15097079;-80.00102466
42.1509797;-80.00100016
42.15098858;-80.00097567
42.15099745;-80.0009512
42.15100635;-80.00092673
42.15101532;-80.00090235
42.15102431;-80.00087802
42.15103327;-80.00085366
42.15104221;-80.00082934
42.15105117;-80.00080499
42.15106009;-80.00078061
42.15106903;-80.00075628
42.15107792;-80.00073193
42.15108679;-80.0007076
42.15109576;-80.00068343
42.15110476;-80.00065922
42.15111368;-80.00063488
42.15112264;-80.00061049
42.15113156;-80.00058617
42.15114047;-80.00056175
42.15114948;-80.00053748
42.15115858;-80.00051321
42.1511676;-80.00048889
42.15117659;-80.00046451
42.15118555;-80.00044019
42.15119454;-80.00041578
42.15120356;-80.00039139
42.15121259;-80.00036711
42.1512216;-80.00034273
42.15123064;-80.00031853
42.15123978;-80.00029439
42.1512488;-80.00027024
42.15125781;-80.00024605
42.15126674;-80.00022186
42.15127558;-80.0001976
42.15128443;-80.00017338
42.15129334;-80.00014928
42.15130223;-80.00012505
42.15131098;-80.00010073
42.15131967;-80.0000763
42.1513284;-80.00005191
42.1513373;-80.00002751
42.15134634;-80.00000318
42.15135532;-79.99997868
42.15136421;-79.99995412
42.15137297;-79.99992958
42.15138173;-79.99990505
42.15139065;-79.99988074
42.15139966;-79.99985646
42.15140868;-79.9998322
42.15141775;-79.99980797
42.15142678;-79.99978377
42.1514357;-79.99975943
42.15144468;-79.99973519
42.15145379;-79.99971114
42.1514628;-79.99968705
42.1514717;-79.99966291
42.15148059;-79.99963876
42.15148942;-79.99961459
42.15149832;-79.99959039
42.15150714;-79.99956616
42.15151594;-79.99954188
42.15152479;-79.99951769
42.15153355;-79.99949349
42.15154222;-79.9994692
42.15155099;-79.99944506
42.15155989;-79.99942098
42.15156891;-79.99939691
42.15157789;-79.99937284
42.1515869;-79.99934882
42.15159596;-79.99932481
42.15160506;-79.99930082
42.15161409;-79.99927676
42.15162305;-79.99925256
42.15163209;-79.99922841
42.15164106;-79.99920415
42.15164999;-79.99917985
42.15165912;-79.99915567
42.15166826;-79.99913149
42.15167728;-79.99910714
42.15168636;-79.99908285
42.15169555;-79.99905871
42.15170472;-79.99903452
42.15171395;-79.99901032
42.15172312;-79.99898608
42.15173218;-79.99896179
42.15174125;-79.99893744
42.15175031;-79.99891306
42.15175929;-79.9988886
42.15176836;-79.99886413
42.15177742;-79.99883973
42.15178637;-79.99881522
42.15179524;-79.99879078
42.15180414;-79.99876633
42.15181296;-79.99874184
42.1518218;-79.99871734
42.15183068;-79.99869292
42.15183946;-79.99866843
42.15184826;-79.99864389
42.15185726;-79.99861955
42.15186626;-79.99859524
42.15187514;-79.99857094
42.15188391;-79.9985466
42.15189254;-79.99852229
42.15190132;-79.99849802
42.15191038;-79.99847395
42.15191949;-79.9984499
42.15192846;-79.99842567
42.1519373;-79.99840137
42.15194608;-79.99837694
42.1519549;-79.99835262
42.15196386;-79.99832839
42.15197287;-79.99830422
42.15198193;-79.99828003
42.15199092;-79.99825582
42.15199979;-79.99823151
42.15200873;-79.99820723
42.15201772;-79.99818303
42.15202659;-79.99815873
42.15203539;-79.99813447
42.15204418;-79.99811023
42.1520529;-79.99808599
42.15206162;-79.9980618
42.15207043;-79.99803769
42.15207926;-79.99801355
42.15208805;-79.99798934
42.1520968;-79.99796506
42.15210554;-79.99794067
42.15211441;-79.9979164
42.15212337;-79.9978922
42.15213218;-79.99786792
42.15214096;-79.99784359
42.15214988;-79.99781931
42.15215886;-79.99779501
42.1521679;-79.99777066
42.15217694;-79.9977463
42.15218588;-79.99772177
42.15219484;-79.99769725
42.15220395;-79.99767282
42.15221309;-79.99764835
42.15222217;-79.99762387
42.1522313;-79.99759949
42.15224048;-79.99757516
42.15224966;-79.99755087
42.15225886;-79.99752659
42.15226799;-79.99750225
42.1522771;-79.99747792
42.15228615;-79.99745364
42.15229514;-79.99742931
42.15230412;-79.99740495
42.15231317;-79.99738066
42.15232212;-79.99735627
42.1523311;-79.9973319
42.15234017;-79.99730763
42.15234932;-79.99728326
42.15235846;-79.997259
42.15236753;-79.9972347
42.15237645;-79.99721027
42.15238526;-79.99718587
42.15239431;-79.99716163
42.15240342;-79.99713749
42.15241245;-79.99711322
42.15242146;-79.99708902
42.15243046;-79.99706472
42.15243948;-79.9970405
42.15244861;-79.99701631
42.15245771;-79.99699209
42.15246672;-79.99696781
42.15247566;-79.99694349
42.15248463;-79.99691925
42.15249371;-79.99689508
42.15250268;-79.9968709
42.15251154;-79.99684658
42.15252033;-79.99682229
42.15252914;-79.99679805
42.15253795;-79.99677378
42.15254683;-79.99674955
42.15255576;-79.99672526
42.15256457;-79.99670084
42.1525733;-79.99667636
42.1525821;-79.996652
42.15259088;-79.9966276
42.15259966;-79.99660321
42.15260845;-79.99657887
42.15261708;-79.99655443
42.1526257;-79.99652995
42.15263443;-79.99650557
42.15264312;-79.99648117
42.1526517;-79.9964567
42.15266032;-79.99643227
42.15266901;-79.99640784
42.15267776;-79.99638345
42.15268668;-79.99635922
42.15269562;-79.99633501
42.15270443;-79.9963107
42.15271335;-79.99628651
42.15272229;-79.99626232
42.15273119;-79.99623804
42.15274012;-79.99621378
42.15274903;-79.99618945
42.15275789;-79.9961651
42.15276672;-79.99614079
42.15277545;-79.99611643
42.15278413;-79.99609204
42.15279289;-79.99606771
42.15280169;-79.99604338
42.15281054;-79.99601906
42.15281962;-79.99599487
42.15282875;-79.99597063
42.15283783;-79.99594631
42.15284692;-79.99592197
42.15285592;-79.9958975
42.15286481;-79.99587302
42.15287391;-79.99584871
42.15288317;-79.99582443
42.15289243;-79.99580005
42.15290155;-79.99577558
42.15291046;-79.99575106
42.15291928;-79.99572664
42.1529281;-79.99570251
42.15293688;-79.99567833
42.15294554;-79.99565413
42.15295423;-79.99562987
42.15296299;-79.99560566
42.15297183;-79.99558143
42.15298065;-79.99555722
42.15298943;-79.99553283
42.15299818;-79.99550838
42.15300703;-79.99548401
42.1530159;-79.99545961
42.15302478;-79.9954352
42.15303374;-79.99541072
42.15304256;-79.99538615
42.15305143;-79.99536155
42.15306038;-79.99533709
42.15306939;-79.99531261
42.1530784;-79.99528808
42.15308741;-79.99526361
42.15309648;-79.9952391
42.15310558;-79.99521472
42.15311473;-79.99519043
42.15312371;-79.99516614
42.15313263;-79.9951418
42.15314157;-79.99511758
42.15315049;-79.99509337
42.15315945;-79.9950692
42.15316847;-79.99504517
42.15317747;-79.99502103
42.15318638;-79.99499684
42.1531954;-79.99497275
42.15320444;-79.99494866
42.15321348;-79.99492453
42.15322255;-79.9949005
42.15323162;-79.9948764
42.15324068;-79.99485223
42.15324984;-79.99482815
42.15325903;-79.99480402
42.15326809;-79.9947798
42.15327725;-79.99475557
42.15328638;-79.99473129
42.15329549;-79.99470695
42.15330462;-79.9946827
42.15331377;-79.99465846
42.15332281;-79.99463412
42.15333183;-79.9946098
42.15334083;-79.99458545
42.15334987;-79.99456113
42.15335892;-79.99453688
42.15336789;-79.99451261
42.15337672;-79.99448825
42.15338561;-79.99446396
42.15339457;-79.99443975
42.15340358;-79.99441562
42.15341253;-79.99439148
42.1534214;-79.99436727
42.15343029;-79.99434311
42.15343921;-79.99431904
42.15344809;-79.99429496
42.15345693;-79.99427085
42.15346583;-79.99424682
42.1534747;-79.99422271
42.15348347;-79.99419842
42.15349232;-79.99417427
42.15350124;-79.99415012
42.15351008;-79.99412596
42.1535189;-79.99410175
42.15352775;-79.99407757
42.15353661;-79.99405332
42.15354552;-79.99402901
42.15355437;-79.99400466
42.15356324;-79.99398027
42.15357218;-79.99395602
42.15358106;-79.99393171
42.15358986;-79.9939074
42.15359875;-79.99388314
42.1536076;-79.99385891
42.15361642;-79.99383458
42.15362538;-79.99381035
42.15363447;-79.99378619
42.1536435;-79.99376193
42.15365252;-79.9937377
42.15366155;-79.99371344
42.15367057;-79.99368923
42.15367971;-79.99366514
42.15368882;-79.99364108
42.15369776;-79.99361683
42.15370667;-79.99359252
42.15371561;-79.99356825
42.15372455;-79.99354395
42.15373353;-79.9935197
42.15374256;-79.99349542
42.15375151;-79.99347107
42.15376048;-79.99344674
42.15376939;-79.99342239
42.15377819;-79.99339795
42.15378696;-79.99337353
42.15379574;-79.99334915
42.15380447;-79.9933247
42.15381326;-79.99330034
42.15382202;-79.99327598
42.1538306;-79.99325153
42.15383918;-79.99322708
42.15384781;-79.99320272
42.1538565;-79.99317838
42.1538652;-79.99315409
42.15387389;-79.99312977
42.15388261;-79.99310541
42.15389139;-79.99308105
42.15390029;-79.99305672
42.15390927;-79.99303239
42.15391837;-79.99300814
42.15392744;-79.99298387
42.15393647;-79.99295953
42.15394552;-79.99293522
42.15395455;-79.99291088
42.15396353;-79.99288652
42.15397254;-79.99286222
42.15398163;-79.99283799
42.15399066;-79.99281372
42.15399964;-79.99278948
42.15400863;-79.99276525
42.15401758;-79.99274112
42.15402654;-79.99271693
42.15403544;-79.99269274
42.15404433;-79.99266849
42.15405327;-79.99264432
42.15406223;-79.99262009
42.1540712;-79.99259591
42.15408017;-79.9925717
42.15408905;-79.9925474
42.15409787;-79.9925231
42.15410685;-79.99249885
42.15411589;-79.99247461
42.15412486;-79.9924502
42.1541339;-79.99242585
42.15414298;-79.99240145
42.15415201;-79.99237704
42.15416108;-79.99235273
42.15417022;-79.99232851
42.15417932;-79.99230432
42.1541884;-79.99228013
42.15419743;-79.992256
42.15420638;-79.9922318
42.15421536;-79.99220768
42.15422434;-79.99218353
42.15423328;-79.9921594
42.15424216;-79.99213526
42.154251;-79.99211116
42.15425978;-79.99208703
42.15426864;-79.99206292
42.15427756;-79.99203881
42.15428649;-79.99201458
42.15429548;-79.99199041
42.15430454;-79.99196626
42.15431355;-79.99194209
42.15432255;-79.99191794
42.15433147;-79.9918937
42.15434036;-79.99186941
42.15434928;-79.99184512
42.15435817;-79.99182082
42.15436707;-79.99179652
42.15437609;-79.99177234
42.15438504;-79.9917481
42.1543938;-79.99172374
42.15440266;-79.99169945
42.15441157;-79.99167519
42.15442041;-79.99165078
42.15442944;-79.99162648
42.15443856;-79.99160219
42.15444734;-79.99157756
42.15445616;-79.99155291
42.15446528;-79.9915285
42.15447442;-79.99150411
42.15448349;-79.99147971
42.15449257;-79.99145531
42.15450138;-79.99143071
42.15451008;-79.99140607
42.15451901;-79.99138165
42.15452815;-79.99135736
42.15453723;-79.99133305
42.15454619;-79.99130866
42.15455512;-79.99128429
42.154564;-79.99125997
42.15457292;-79.99123563
42.15458187;-79.99121139
42.15459084;-79.99118716
42.15459981;-79.99116298
42.15460881;-79.99113876
42.15461792;-79.99111465
42.15462706;-79.99109053
42.15463607;-79.99106631
42.15464506;-79.99104213
42.15465414;-79.99101795
42.15466321;-79.99099375
42.1546723;-79.99096948
42.15468135;-79.99094521
42.15469035;-79.99092079
42.1546994;-79.99089644
42.15470852;-79.99087206
42.15471764;-79.99084768
42.15472682;-79.99082343
42.154736;-79.99079921
42.15474505;-79.99077497
42.15475401;-79.99075065
42.15476299;-79.99072646
42.15477198;-79.99070221
42.15478098;-79.99067801
42.15479002;-79.99065385
42.15479898;-79.9906296
42.15480784;-79.99060532
42.15481671;-79.99058106
42.15482559;-79.99055681
42.15483458;-79.99053261
42.15484355;-79.99050846
42.15485242;-79.99048421
42.15486134;-79.99046
42.15487022;-79.99043578
42.15487906;-79.99041144
42.15488787;-79.99038716
42.15489691;-79.99036302
42.15490591;-79.99033882
42.1549148;-79.9903145
42.15492365;-79.99029013
42.15493245;-79.9902657
42.1549413;-79.99024131
42.15495026;-79.99021705
42.15495915;-79.99019271
42.15496799;-79.99016837
42.15497687;-79.99014408
42.15498567;-79.9901197
42.15499437;-79.99009529
42.1550031;-79.99007095
42.1550117;-79.99004658
42.15502033;-79.9900222
42.15502905;-79.98999786
42.15503784;-79.98997353
42.1550467;-79.98994924
42.15505562;-79.98992497
42.15506455;-79.98990071
42.15507348;-79.9898764
42.1550824;-79.98985215
42.15509118;-79.98982771
42.15510004;-79.98980328
42.15510896;-79.98977893
42.15511788;-79.98975446
42.15512686;-79.9897301
42.1551358;-79.98970567
42.15514462;-79.98968122
42.15515344;-79.98965679
42.15516232;-79.98963247
42.1551712;-79.98960808
42.15518011;-79.98958376
42.15518909;-79.98955954
42.155198;-79.98953522
42.15520689;-79.98951092
42.15521583;-79.98948666
42.15522479;-79.9894624
42.15523383;-79.98943815
42.15524288;-79.98941399
42.15525199;-79.98938979
42.1552611;-79.98936563
42.15527028;-79.98934152
42.15527945;-79.98931733
42.15528864;-79.98929325
42.15529786;-79.98926919
42.15530704;-79.98924513
42.15531623;-79.98922109
42.15532541;-79.98919708
42.15533446;-79.98917292
42.15534352;-79.98914883
42.15535254;-79.98912474
42.1553615;-79.98910063
42.15537046;-79.9890766
42.15537933;-79.98905249
42.15538809;-79.98902829
42.1553969;-79.9890041
42.15540576;-79.98897993
42.15541461;-79.9889557
42.1554235;-79.98893149
42.15543233;-79.98890726
42.15544112;-79.98888292
42.15544993;-79.9888586
42.15545875;-79.98883426
42.15546756;-79.98880992
42.1554764;-79.9887856
42.15548519;-79.98876124
42.15549387;-79.98873681
42.1555026;-79.9887124
42.15551132;-79.98868807
42.15552002;-79.98866368
42.15552884;-79.9886393
42.15553773;-79.98861491
42.15554656;-79.98859045
42.15555551;-79.98856607
42.15556445;-79.98854167
42.15557333;-79.98851719
42.15558227;-79.98849281
42.15559123;-79.98846849
42.15560016;-79.98844408
42.15560911;-79.98841978
42.15561806;-79.9883954
42.15562699;-79.98837104
42.15563587;-79.98834667
42.15564468;-79.9883223
42.15565343;-79.98829798
42.15566221;-79.98827376
42.15567096;-79.98824959
42.15567964;-79.98822532
42.15568839;-79.98820115
42.1556972;-79.98817693
42.15570596;-79.98815272
42.15571477;-79.98812852
42.15572366;-79.98810425
42.15573245;-79.98807991
42.15574144;-79.98805561
42.1557504;-79.98803132
42.15575923;-79.98800689
42.15576807;-79.9879825
42.15577693;-79.98795809
42.15578572;-79.98793363
42.15579459;-79.98790922
42.1558035;-79.9878848
42.15581236;-79.98786039
42.15582128;-79.98783606
42.15583021;-79.98781182
42.15583917;-79.98778755
42.15584816;-79.98776333
42.15585715;-79.98773918
42.15586616;-79.98771505
42.15587519;-79.98769095
42.15588418;-79.98766681
42.15589308;-79.98764256
42.15590197;-79.98761826
42.15591093;-79.987594
42.15591985;-79.98756963
42.1559288;-79.98754532
42.15593776;-79.98752101
42.15594662;-79.98749668
42.15595546;-79.98747238
42.15596433;-79.98744812
42.15597318;-79.98742383
42.1559821;-79.98739961
42.15599105;-79.98737536
42.15599988;-79.98735101
42.15600872;-79.98732675
42.15601751;-79.98730247
42.1560263;-79.98727817
42.1560351;-79.9872539
42.15604386;-79.98722963
42.15605253;-79.98720531
42.15606124;-79.98718107
42.15607;-79.98715686
42.15607876;-79.9871326
42.15608754;-79.98710837
42.15609638;-79.98708414
42.1561052;-79.98705976
42.15611417;-79.98703545
42.15612326;-79.98701114
42.15613231;-79.98698683
42.15614133;-79.98696245
42.15615027;-79.98693809
42.15615922;-79.98691372
42.15616821;-79.98688947
42.15617725;-79.98686519
42.15618629;-79.98684086
42.1561953;-79.98681656
42.15620426;-79.98679216
42.15621311;-79.98676774
42.15622196;-79.98674334
42.15623079;-79.98671901
42.15623956;-79.98669455
42.15624833;-79.98667016
42.15625712;-79.98664573
42.15626591;-79.98662126
42.15627469;-79.98659685
42.15628352;-79.98657243
42.15629234;-79.98654798
42.15630112;-79.9865235
42.15630985;-79.98649903
42.15631855;-79.98647448
42.15632724;-79.98644994
42.1563359;-79.98642531
42.15634454;-79.98640068
42.1563532;-79.98637612
42.1563619;-79.98635151
42.15637056;-79.98632686
42.15637919;-79.98630224
42.15638785;-79.98627775
42.15639645;-79.9862532
42.15640506;-79.98622871
42.15641378;-79.98620426
42.15642237;-79.98617975
42.15643092;-79.98615528
42.15643946;-79.98613083
42.15644798;-79.98610637
42.15645653;-79.98608191
42.15646511;-79.98605748
42.15647371;-79.98603301
42.15648241;-79.98600866
42.15649111;-79.98598433
42.15649972;-79.98595993
42.15650828;-79.98593553
42.15651688;-79.98591121
42.15652548;-79.98588688
42.15653403;-79.98586252
42.15654255;-79.98583817
42.15655096;-79.9858137
42.15655936;-79.98578926
42.15656772;-79.98576483
42.15657611;-79.98574038
42.15658449;-79.98571587
42.15659286;-79.98569128
42.15660123;-79.98566664
42.15660957;-79.98564187
42.15661793;-79.98561715
42.15662639;-79.98559241
42.15663491;-79.98556772
42.15664332;-79.985543
42.15665168;-79.98551821
42.15665997;-79.98549348
42.15666834;-79.98546875
42.15667663;-79.98544405
42.15668479;-79.98541935
42.15669276;-79.98539465
42.15670061;-79.98536983
42.15670841;-79.98534505
42.15671634;-79.98532038
42.15672426;-79.98529555
42.1567323;-79.98527082
42.15674041;-79.98524609
42.15674838;-79.9852213
42.15675624;-79.98519645
42.15676411;-79.9851717
42.15677185;-79.98514679
42.15677963;-79.98512186
42.15678757;-79.98509703
42.15679551;-79.9850721
42.15680337;-79.98504716
42.1568113;-79.98502229
42.15681918;-79.98499734
42.15682702;-79.98497233
42.15683492;-79.98494748
42.15684284;-79.9849226
42.15685078;-79.98489774
42.15685872;-79.98487295
42.15686674;-79.98484818
42.15687477;-79.9848234
42.15688294;-79.98479868
42.15689102;-79.98477388
42.15689919;-79.98474908
42.15690734;-79.98472432
42.15691554;-79.98469954
42.15692374;-79.98467482
42.156932;-79.9846502
42.15694016;-79.98462548
42.15694825;-79.98460073
42.15695631;-79.98457598
42.15696421;-79.98455113
42.15697207;-79.98452621
42.15697994;-79.98450131
42.15698778;-79.98447631
42.15699559;-79.9844513
42.15700332;-79.98442628
42.15701093;-79.98440118
42.15701839;-79.98437605
42.15702592;-79.98435101
42.15703352;-79.98432606
42.15704125;-79.98430116
42.15704905;-79.98427626
42.15705689;-79.98425122
42.15706475;-79.98422614
42.15707257;-79.98420117
42.15708047;-79.98417611
42.15708852;-79.98415113
42.1570966;-79.98412609
42.1571047;-79.98410103
42.15711276;-79.98407586
42.15712063;-79.98405069
42.15712835;-79.98402554
42.15713599;-79.98400043
42.15714348;-79.98397541
42.15715072;-79.98395027
42.15715786;-79.98392519
42.15716505;-79.98390024
42.15717216;-79.98387524
42.1571793;-79.9838502
42.15718647;-79.98382514
42.15719368;-79.98380007
42.15720099;-79.98377499
42.15720833;-79.98375004
42.1572157;-79.98372505
42.15722296;-79.98369998
42.15723024;-79.98367489
42.15723751;-79.98364981
42.15724478;-79.98362471
42.15725199;-79.98359955
42.1572591;-79.98357438
42.15726623;-79.98354921
42.15727339;-79.98352402
42.15728061;-79.98349871
42.15728792;-79.98347338
42.15729537;-79.98344814
42.15730273;-79.98342279
42.15730996;-79.98339733
42.15731729;-79.98337191
42.15732462;-79.98334655
42.15733189;-79.98332111
42.1573392;-79.98329575
42.15734637;-79.98327031
42.15735344;-79.98324484
42.15736066;-79.98321944
42.15736784;-79.983194
42.15737503;-79.98316853
42.15738227;-79.98314306
42.15738948;-79.98311758
42.15739672;-79.98309214
42.15740398;-79.98306679
42.15741115;-79.98304134
42.15741823;-79.98301586
42.15742533;-79.98299043
42.15743239;-79.9829649
42.1574394;-79.98293928
42.15744654;-79.98291376
42.15745369;-79.98288825
42.15746079;-79.98286268
42.15746793;-79.98283727
42.15747509;-79.98281183
42.15748215;-79.98278635
42.15748911;-79.98276088
42.15749604;-79.9827354
42.15750297;-79.98270999
42.15750996;-79.98268461
42.15751696;-79.98265925
42.15752393;-79.98263379
42.15753085;-79.9826084
42.15753779;-79.98258301
42.15754468;-79.98255767
42.15755169;-79.98253242
42.15755863;-79.9825071
42.15756547;-79.98248168
42.15757238;-79.98245626
42.1575794;-79.98243094
42.15758642;-79.9824056
42.15759355;-79.98238033
42.15760072;-79.98235502
42.15760778;-79.98232963
42.15761486;-79.98230423
42.15762192;-79.98227884
42.15762898;-79.98225354
42.15763604;-79.98222818
42.15764304;-79.9822028
42.15764985;-79.98217728
42.15765662;-79.98215177
42.1576635;-79.98212626
42.15767035;-79.98210073
42.15767723;-79.98207518
42.15768407;-79.98204966
42.1576908;-79.98202421
42.15769751;-79.98199885
42.15770416;-79.98197351
42.15771072;-79.98194808
42.15771725;-79.98192266
42.1577238;-79.98189719
42.15773042;-79.98187173
42.15773713;-79.98184633
42.15774393;-79.98182086
42.15775061;-79.98179529
42.15775732;-79.9817698
42.15776398;-79.9817443
42.15777076;-79.98171883
42.15777768;-79.98169335
42.15778462;-79.98166777
42.15779152;-79.98164215
42.15779843;-79.98161661
42.15780519;-79.98159101
42.15781191;-79.98156537
42.15781875;-79.98153992
42.1578256;-79.98151444
42.15783246;-79.98148886
42.15783947;-79.98146337
42.15784657;-79.98143782
42.1578535;-79.98141221
42.15786037;-79.9813867
42.15786711;-79.98136112
42.15787367;-79.98133555
42.15788018;-79.98130999
42.1578866;-79.98128439
42.15789306;-79.98125866
42.1578996;-79.98123296
42.1579062;-79.98120724
42.15791278;-79.9811815
42.15791932;-79.98115585
42.15792591;-79.98113016
42.15793249;-79.98110443
42.15793926;-79.98107869
42.15794609;-79.98105301
42.15795282;-79.98102727
42.15795954;-79.98100158
42.15796636;-79.98097587
42.15797314;-79.98095011
42.1579799;-79.98092439
42.1579866;-79.98089864
42.15799329;-79.98087297
42.15799994;-79.98084737
42.1580066;-79.98082175
42.1580132;-79.98079598
42.15801987;-79.98077033
42.15802656;-79.98074472
42.15803308;-79.98071905
42.15803947;-79.98069337
42.1580459;-79.98066773
42.1580524;-79.98064217
42.15805896;-79.98061662
42.15806552;-79.98059113
42.15807207;-79.98056563
42.15807865;-79.98054024
42.15808529;-79.98051489
42.15809189;-79.98048952
42.15809861;-79.98046423
42.15810528;-79.98043895
42.15811176;-79.98041357
42.15811832;-79.98038829
42.15812505;-79.98036313
42.15813172;-79.98033785
42.15813834;-79.98031243
42.15814492;-79.98028695
42.15815153;-79.98026145
42.15815816;-79.98023599
42.1581648;-79.98021057
42.15817152;-79.98018509
42.15817812;-79.98015955
42.15818473;-79.98013397
42.15819138;-79.98010838
42.15819803;-79.98008282
42.15820473;-79.98005726
42.15821128;-79.98003153
42.15821767;-79.98000586
42.15822413;-79.97998022
42.15823055;-79.97995467
42.15823694;-79.97992913
42.15824328;-79.97990358
42.15824959;-79.9798779
42.15825597;-79.97985233
42.15826237;-79.97982682
42.15826874;-79.97980122
42.15827515;-79.9797756
42.15828159;-79.97974984
42.15828802;-79.97972404
42.15829453;-79.97969831
42.15830102;-79.97967265
42.15830729;-79.97964684
42.15831354;-79.97962101
42.15831989;-79.9795953
42.15832632;-79.97956955
42.15833281;-79.97954385
42.15833943;-79.97951812
42.15834601;-79.97949229
42.15835269;-79.97946642
42.15835943;-79.97944057
42.15836623;-79.97941472
42.15837309;-79.97938896
42.15837991;-79.97936321
42.15838663;-79.97933739
42.15839339;-79.97931163
42.15840024;-79.97928608
42.15840695;-79.97926049
42.15841361;-79.97923483
42.15842025;-79.97920921
42.1584269;-79.97918355
42.15843358;-79.97915794
42.15844034;-79.97913245
42.15844703;-79.97910688
42.15845361;-79.97908123
42.15846014;-79.97905555
42.15846665;-79.97902988
42.15847319;-79.97900423
42.15847987;-79.97897869
42.15848657;-79.97895315
42.1584932;-79.97892761
42.15849978;-79.97890205
42.15850626;-79.97887639
42.15851289;-79.97885071
42.15851968;-79.97882518
42.15852641;-79.9787996
42.15853298;-79.97877396
42.15853947;-79.97874831
42.15854603;-79.97872274
42.15855265;-79.97869718
42.1585593;-79.97867168
42.15856586;-79.97864605
42.15857246;-79.9786205
42.15857914;-79.97859496
42.1585857;-79.97856937
42.15859234;-79.97854373
42.15859907;-79.97851811
42.15860567;-79.97849248
42.15861224;-79.97846681
42.15861894;-79.9784413
42.15862563;-79.97841572
42.15863228;-79.97839012
42.15863894;-79.9783645
42.15864563;-79.97833886
42.15865233;-79.97831318
42.15865906;-79.97828745
42.15866576;-79.97826176
42.1586725;-79.97823615
42.15867919;-79.97821059
42.15868586;-79.978185
42.15869258;-79.97815944
42.15869931;-79.97813385
42.15870599;-79.97810818
42.15871264;-79.97808249
42.1587194;-79.97805697
42.15872618;-79.97803162
42.15873315;-79.97800628
42.15874018;-79.97798094
42.15874711;-79.97795544
42.15875398;-79.97792992
42.15876085;-79.97790448
42.15876771;-79.97787898
42.15877463;-79.97785348
42.15878161;-79.977828
42.15878858;-79.97780254
42.15879551;-79.97777702
42.15880248;-79.97775152
42.15880945;-79.97772591
42.15881638;-79.97770019
42.15882335;-79.97767448
42.15883031;-79.97764882
42.15883734;-79.97762321
42.15884442;-79.9775977
42.1588515;-79.97757226
42.15885836;-79.97754676
42.15886516;-79.97752128
42.15887201;-79.97749584
42.1588788;-79.97747044
42.15888551;-79.9774451
42.1588922;-79.97741979
42.15889893;-79.97739449
42.15890573;-79.9773693
42.15891256;-79.97734405
42.1589194;-79.97731867
42.15892629;-79.97729329
42.15893313;-79.97726778
42.15893999;-79.97724229
42.15894717;-79.97721692
42.1589543;-79.97719146
42.15896132;-79.97716601
42.15896838;-79.97714057
42.15897547;-79.97711532
42.15898271;-79.97709013
42.15899015;-79.97706509
42.15899761;-79.97703994
42.15900499;-79.97701478
42.15901245;-79.97698963
42.15902001;-79.97696453
42.15902755;-79.97693948
42.15903521;-79.97691449
42.15904286;-79.97688957
42.15905036;-79.97686453
42.15905787;-79.97683958
42.15906552;-79.97681462
42.15907318;-79.9767896
42.15908091;-79.97676453
42.15908866;-79.97673942
42.15909636;-79.97671427
42.15910412;-79.97668912
42.1591119;-79.976664
42.15911967;-79.97663882
42.15912746;-79.9766137
42.15913532;-79.97658862
42.15914315;-79.97656352
42.15915105;-79.97653849
42.15915897;-79.97651345
42.1591669;-79.97648842
42.15917492;-79.97646343
42.15918297;-79.97643854
42.15919105;-79.97641361
42.15919914;-79.9763887
42.15920722;-79.97636382
42.15921528;-79.97633893
42.15922332;-79.97631405
42.15923147;-79.97628925
42.15923966;-79.97626453
42.15924775;-79.97623974
42.15925584;-79.97621494
42.15926393;-79.97619011
42.15927205;-79.9761653
42.15928021;-79.9761405
42.15928825;-79.97611564
42.15929646;-79.97609089
42.15930474;-79.97606618
42.15931295;-79.97604136
42.15932126;-79.97601654
42.15932959;-79.97599179
42.15933783;-79.97596691
42.15934613;-79.97594214
42.15935448;-79.9759174
42.15936286;-79.97589265
42.15937121;-79.97586793
42.15937963;-79.97584322
42.15938801;-79.97581852
42.15939645;-79.97579381
42.1594049;-79.97576919
42.15941335;-79.97574453
42.15942175;-79.97571995
42.15943017;-79.9756954
42.15943861;-79.9756709
42.15944709;-79.9756465
42.15945566;-79.97562208
42.15946419;-79.97559764
42.1594728;-79.97557323
42.15948151;-79.97554893
42.15949022;-79.97552455
42.15949899;-79.97550025
42.1595079;-79.97547602
42.15951675;-79.97545166
42.15952561;-79.97542732
42.15953455;-79.97540294
42.15954343;-79.97537842
42.15955233;-79.97535385
42.15956136;-79.97532938
42.15957032;-79.97530485
42.15957932;-79.97528038
42.15958844;-79.97525607
42.1595975;-79.97523173
42.15960649;-79.9752074
42.15961537;-79.97518304
42.15962416;-79.97515864
42.15963298;-79.97513431
42.15964181;-79.97511001
42.15965058;-79.97508566
42.15965941;-79.97506141
42.15966823;-79.97503716
42.15967693;-79.9750128
42.15968562;-79.97498845
42.15969435;-79.97496416
42.15970307;-79.97493986
42.15971177;-79.97491555
42.15972047;-79.97489127
42.15972911;-79.97486693
42.15973776;-79.9748426
42.15974646;-79.97481827
42.15975514;-79.97479381
42.15976382;-79.97476938
42.15977259;-79.97474492
42.15978139;-79.9747205
42.15979033;-79.97469616
42.15979932;-79.97467191
42.15980829;-79.97464752
42.1598173;-79.97462317
42.15982642;-79.97459898
42.1598355;-79.97457466
42.15984455;-79.97455034
42.15985358;-79.97452601
42.15986251;-79.97450167
42.15987146;-79.97447735
42.15988048;-79.97445315
42.15988947;-79.97442889
42.15989852;-79.97440468
42.15990764;-79.97438058
42.15991681;-79.9743565
42.159926;-79.97433248
42.15993525;-79.97430849
42.15994439;-79.97428447
42.15995355;-79.97426044
42.15996275;-79.9742365
42.15997191;-79.97421248
42.15998101;-79.97418839
42.15999009;-79.97416431
42.15999908;-79.97414011
42.16000798;-79.97411589
42.16001687;-79.97409164
42.16002571;-79.97406738
42.1600345;-79.97404309
42.16004328;-79.9740188
42.16005199;-79.97399445
42.16006068;-79.97397014
42.16006936;-79.97394585
42.16007799;-79.97392147
42.16008663;-79.97389712
42.16009534;-79.97387282
42.16010403;-79.97384851
42.16011274;-79.97382424
42.16012147;-79.9738
42.16013021;-79.97377574
42.16013896;-79.97375152
42.16014778;-79.97372734
42.16015655;-79.9737031
42.16016536;-79.9736789
42.16017424;-79.97365475
42.16018314;-79.97363061
42.16019213;-79.97360653
42.16020119;-79.97358241
42.16021018;-79.97355826
42.16021921;-79.97353409
42.16022829;-79.97351003
42.16023739;-79.97348588
42.16024646;-79.97346176
42.16025558;-79.97343758
42.16026463;-79.97341333
42.1602737;-79.97338906
42.1602828;-79.9733648
42.16029184;-79.97334051
42.16030093;-79.9733162
42.16031003;-79.97329193
42.16031909;-79.97326752
42.16032816;-79.97324314
42.16033726;-79.9732187
42.16034628;-79.97319426
42.16035529;-79.97316983
42.16036428;-79.97314555
42.16037316;-79.9731213
42.16038198;-79.97309701
42.16039074;-79.97307272
42.16039948;-79.97304835
42.1604082;-79.97302406
42.16041694;-79.97299983
42.16042568;-79.97297555
42.16043447;-79.97295129
42.16044332;-79.97292705
42.16045223;-79.97290284
42.16046116;-79.97287861
42.16047014;-79.97285438
42.16047914;-79.97283008
42.1604882;-79.97280578
42.16049731;-79.97278146
42.1605064;-79.97275707
42.16051548;-79.97273262
42.16052453;-79.97270819
42.16053349;-79.97268374
42.16054244;-79.97265935
42.16055145;-79.9726351
42.16056046;-79.97261088
42.1605695;-79.97258669
42.16057849;-79.9725625
42.16058743;-79.97253832
42.16059641;-79.97251426
42.16060539;-79.97249025
42.1606143;-79.97246617
42.16062329;-79.97244208
42.16063233;-79.97241811
42.16064134;-79.97239396
42.16065041;-79.97236993
42.16065951;-79.97234592
42.16066848;-79.97232175
42.16067737;-79.97229759
42.1606864;-79.97227344
42.1606954;-79.97224927
42.16070434;-79.97222499
42.16071327;-79.97220079
42.16072216;-79.97217653
42.16073102;-79.97215233
42.1607399;-79.97212816
42.16074871;-79.97210392
42.16075742;-79.97207963
42.16076613;-79.97205535
42.1607748;-79.97203104
42.16078345;-79.97200667
42.16079213;-79.97198239
42.1608008;-79.97195807
42.16080945;-79.97193374
42.1608181;-79.9719094
42.16082674;-79.97188496
42.16083539;-79.97186052
42.16084411;-79.97183606
42.16085285;-79.97181158
42.16086157;-79.97178706
42.16087029;-79.97176253
42.1608791;-79.97173802
42.16088797;-79.9717136
42.16089684;-79.97168916
42.16090562;-79.97166469
42.16091446;-79.97164024
42.1609233;-79.97161586
42.1609321;-79.97159149
42.16094095;-79.97156717
42.16094986;-79.97154289
42.16095874;-79.9715185
42.16096761;-79.9714941
42.16097649;-79.97146973
42.16098538;-79.97144535
42.16099434;-79.97142107
42.16100332;-79.97139688
42.16101226;-79.97137268
42.16102122;-79.97134854
42.16103022;-79.97132444
42.16103925;-79.97130024
42.16104825;-79.97127601
42.16105727;-79.97125187
42.16106625;-79.97122762
42.16107529;-79.97120345
42.16108438;-79.97117928
42.16109337;-79.97115506
42.1611023;-79.97113077
42.16111119;-79.97110655
42.16111998;-79.9710822
42.1611288;-79.97105786
42.16113767;-79.9710336
42.16114653;-79.97100924
42.16115533;-79.97098492
42.16116421;-79.97096065
42.16117312;-79.97093638
42.16118207;-79.97091209
42.16119108;-79.97088784
42.16120007;-79.97086348
42.16120905;-79.97083908
42.16121813;-79.97081477
42.16122724;-79.9707904
42.16123632;-79.97076603
42.16124537;-79.97074161
42.16125436;-79.97071713
42.16126336;-79.97069259
42.16127242;-79.97066816
42.16128154;-79.97064375
42.16129061;-79.97061935
42.16129962;-79.97059497
42.16130862;-79.97057058
42.16131765;-79.97054624
42.16132673;-79.97052199
42.16133574;-79.97049773
42.1613447;-79.9704734
42.16135371;-79.97044916
42.16136265;-79.97042484
42.16137154;-79.9704005
42.1613804;-79.97037616
42.1613892;-79.97035176
42.16139797;-79.97032734
42.16140681;-79.97030297
42.16141564;-79.97027856
42.16142443;-79.97025409
42.16143323;-79.97022965
42.16144198;-79.97020519
42.16145067;-79.97018075
42.16145936;-79.97015635
42.16146798;-79.97013186
42.16147661;-79.97010747
42.16148532;-79.97008314
42.16149398;-79.9700588
42.16150264;-79.9700344
42.16151137;-79.97001011
42.16152016;-79.96998586
42.16152894;-79.96996147
42.16153774;-79.96993712
42.16154653;-79.96991269
42.16155531;-79.96988828
42.16156414;-79.96986399
42.16157295;-79.96983975
42.16158176;-79.9698155
42.16159053;-79.96979132
42.16159924;-79.96976726
42.16160795;-79.9697433
42.16161669;-79.9697195
42.16162541;-79.96969554
42.16163412;-79.96967152
42.16164297;-79.96964757
42.16165183;-79.9696236
42.1616607;-79.96959949
42.1616697;-79.96957536
42.16167877;-79.96955117
42.16168789;-79.96952688
42.16169702;-79.96950258
42.16170617;-79.96947825
42.16171524;-79.96945386
42.16172429;-79.96942957
42.16173333;-79.96940532
42.16174231;-79.96938106
42.1617513;-79.9693568
42.1617603;-79.96933246
42.16176934;-79.96930804
42.16177847;-79.96928365
42.16178756;-79.96925919
42.16179665;-79.96923472
42.16180577;-79.96921037
42.16181481;-79.96918598
42.16182377;-79.96916152
42.16183278;-79.96913721
42.16184182;-79.96911293
42.16185083;-79.96908859
42.16185985;-79.96906424
42.16186883;-79.96903989
42.16187777;-79.96901556
42.16188675;-79.96899138
42.16189569;-79.96896712
42.16190454;-79.96894281
42.16191343;-79.96891847
42.16192229;-79.96889413
42.16193118;-79.96886973
42.16194016;-79.96884546
42.16194917;-79.96882112
42.1619581;-79.96879671
42.16196713;-79.96877233
42.16197622;-79.96874802
42.16198533;-79.96872372
42.16199449;-79.96869938
42.16200354;-79.96867495
42.16201257;-79.96865038
42.16202161;-79.96862591
42.16203066;-79.9686015
42.16203962;-79.96857707
42.16204855;-79.96855268
42.16205745;-79.96852827
42.16206631;-79.96850388
42.16207525;-79.96847959
42.16208416;-79.96845534
42.16209303;-79.96843104
42.16210193;-79.96840678
42.16211086;-79.96838252
42.16211978;-79.96835825
42.16212873;-79.96833402
42.16213769;-79.96830973
42.16214659;-79.9682853
42.16215554;-79.96826091
42.16216449;-79.96823653
42.16217336;-79.96821199
42.16218226;-79.96818751
42.16219128;-79.96816317
42.16220026;-79.96813885
42.16220917;-79.96811447
42.16221804;-79.96808999
42.16222692;-79.96806544
42.16223595;-79.96804102
42.162245;-79.96801658
42.162254;-79.96799204
42.16226306;-79.96796758
42.16227218;-79.9679432
42.16228122;-79.96791879
42.1622903;-79.96789447
42.16229946;-79.96787023
42.16230849;-79.96784588
42.1623175;-79.96782155
42.16232655;-79.96779735
42.16233554;-79.96777312
42.16234448;-79.96774888
42.16235337;-79.96772455
42.16236215;-79.96770013
42.16237095;-79.96767585
42.16237983;-79.9676516
42.16238865;-79.96762733
42.16239742;-79.96760296
42.16240617;-79.96757864
42.16241487;-79.96755416
42.16242356;-79.9675298
42.16243233;-79.96750555
42.16244113;-79.96748131
42.16244985;-79.96745704
42.1624586;-79.96743276
42.1624674;-79.96740855
42.16247631;-79.96738436
42.16248518;-79.96736023
42.16249397;-79.96733601
42.16250275;-79.96731185
42.16251156;-79.96728776
42.16252038;-79.96726372
42.1625293;-79.96723985
42.16253821;-79.96721591
42.16254697;-79.96719176
42.16255579;-79.96716757
42.16256479;-79.96714352
42.16257375;-79.96711931
42.16258259;-79.96709505
42.16259139;-79.96707074
42.1626001;-79.96704631
42.16260884;-79.96702191
42.16261781;-79.96699771
42.1626268;-79.96697354
42.16263573;-79.96694924
42.16264461;-79.9669249
42.16265344;-79.96690051
42.16266236;-79.96687628
42.16267145;-79.96685221
42.16268041;-79.96682797
42.16268928;-79.96680358
42.16269818;-79.96677917
42.16270717;-79.96675486
42.16271634;-79.9667307
42.16272553;-79.96670647
42.16273456;-79.966682
42.16274362;-79.96665759
42.1627527;-79.96663321
42.16276177;-79.96660885
42.1627708;-79.96658451
42.1627799;-79.96656017
42.16278895;-79.9665358
42.16279804;-79.96651147
42.16280715;-79.96648721
42.16281621;-79.96646279
42.16282525;-79.96643834
42.16283424;-79.96641391
42.16284319;-79.96638935
42.1628522;-79.96636489
42.1628613;-79.96634049
42.16287032;-79.96631606
42.16287927;-79.96629158
42.16288815;-79.96626717
42.16289696;-79.96624272
42.16290585;-79.96621838
42.16291479;-79.96619422
42.16292365;-79.96616993
42.16293246;-79.9661457
42.16294136;-79.96612161
42.16295023;-79.96609749
42.16295914;-79.96607334
42.16296809;-79.96604925
42.16297701;-79.96602512
42.16298594;-79.96600103
42.16299498;-79.9659771
42.16300398;-79.96595302
42.16301285;-79.9659288
42.16302172;-79.96590456
42.16303058;-79.96588031
42.16303955;-79.96585614
42.16304864;-79.96583203
42.16305769;-79.96580775
42.16306668;-79.96578341
42.16307567;-79.96575915
42.16308465;-79.96573492
42.16309365;-79.96571076
42.1631027;-79.96568667
42.16311167;-79.96566253
42.16312061;-79.96563833
42.1631296;-79.96561422
42.16313864;-79.96559006
42.16314769;-79.96556586
42.16315675;-79.96554168
42.16316576;-79.96551743
42.16317467;-79.96549309
42.16318358;-79.96546876
42.16319245;-79.96544438
42.16320131;-79.96541997
42.16321011;-79.96539556
42.16321884;-79.96537108
42.1632276;-79.96534647
42.1632364;-79.96532191
42.16324519;-79.96529718
42.16325398;-79.96527244
42.16326295;-79.96524771
42.16327191;-79.9652229
42.16328091;-79.96519799
42.16329002;-79.9651732
42.16329914;-79.96514838
42.16330823;-79.96512347
42.16331736;-79.96509863
42.16332651;-79.96507374
42.16333576;-79.96504901
42.16334518;-79.96502439
42.16335462;-79.96499975
42.1633641;-79.96497512
42.16337367;-79.96495068
42.16338322;-79.9649263
42.1633928;-79.96490195
42.16340244;-79.96487779
42.16341201;-79.96485361
42.1634215;-79.96482942
42.16343105;-79.96480536
42.16344062;-79.96478131
42.16345015;-79.96475716
42.16345971;-79.964733
42.16346932;-79.96470887
42.16347903;-79.9646847
42.16348875;-79.96466043
42.1634984;-79.96463596
42.16350808;-79.96461148
42.16351791;-79.96458717
42.16352781;-79.9645629
42.16353771;-79.96453859
42.16354764;-79.9645143
42.16355752;-79.96448991
42.16356739;-79.96446546
42.1635774;-79.96444117
42.16358738;-79.96441687
42.16359733;-79.96439251
42.16360728;-79.96436825
42.16361722;-79.96434397
42.16362719;-79.96431976
42.16363722;-79.96429571
42.16364718;-79.96427158
42.16365704;-79.96424735
42.1636669;-79.96422327
42.16367685;-79.96419924
42.16368677;-79.96417524
42.16369664;-79.96415123
42.16370645;-79.96412715
42.16371613;-79.96410306
42.16372588;-79.96407909
42.16373566;-79.96405527
42.16374546;-79.96403147
42.16375524;-79.96400776
42.16376496;-79.96398394
42.16377463;-79.96396011
42.16378443;-79.96393643
42.16379421;-79.96391272
42.16380399;-79.96388907
42.16381379;-79.96386551
42.16382348;-79.96384187
42.16383306;-79.96381807
42.16384264;-79.96379439
42.16385229;-79.96377073
42.1638619;-79.96374704
42.16387151;-79.96372331
42.16388113;-79.96369949
42.16389075;-79.96367563
42.16390042;-79.96365174
42.16391006;-79.96362776
42.16391968;-79.96360376
42.16392934;-79.96357992
42.16393904;-79.96355608
42.16394871;-79.96353224
42.16395845;-79.9635084
42.16396814;-79.96348443
42.1639778;-79.96346036
42.16398767;-79.96343653
42.16399758;-79.96341279
42.1640074;-79.96338902
42.16401719;-79.96336532
42.16402698;-79.9633416
42.16403676;-79.96331789
42.16404664;-79.96329426
42.16405647;-79.96327061
42.16406627;-79.96324697
42.16407605;-79.96322341
42.16408573;-79.96319981
42.16409544;-79.96317617
42.16410513;-79.96315264
42.16411484;-79.96312897
42.16412439;-79.96310516
42.16413399;-79.96308153
42.16414359;-79.96305779
42.16415314;-79.96303408
42.16416272;-79.96301042
42.16417222;-79.96298672
42.16418166;-79.96296283
42.16419111;-79.96293905
42.16420052;-79.96291522
42.16420997;-79.96289136
42.16421945;-79.96286754
42.16422894;-79.96284361
42.16423843;-79.96281958
42.16424803;-79.96279566
42.16425756;-79.96277169
42.16426697;-79.96274758
42.16427639;-79.96272356
42.16428576;-79.96269943
42.16429494;-79.9626752
42.16430403;-79.96265109
42.16431313;-79.9626269
42.16432223;-79.96260269
42.1643313;-79.96257855
42.16434032;-79.96255444
42.16434929;-79.96253028
42.16435835;-79.96250628
42.16436742;-79.96248228
42.16437652;-79.96245822
42.16438568;-79.96243421
42.16439488;-79.96241019
42.1644041;-79.96238619
42.16441336;-79.96236227
42.16442257;-79.96233833
42.16443171;-79.96231424
42.16444091;-79.96229027
42.16445013;-79.96226625
42.16445925;-79.96224222
42.16446842;-79.96221821
42.16447745;-79.96219402
42.16448655;-79.96216974
42.1644957;-79.96214536
42.16450463;-79.96212086
42.16451355;-79.96209635
42.16452256;-79.96207195
42.16453148;-79.9620476
42.16454041;-79.96202315
42.1645493;-79.96199884
42.16455811;-79.96197462
42.1645668;-79.96195051
42.16457559;-79.96192657
42.16458438;-79.96190288
42.16459313;-79.96187923
42.16460192;-79.96185593
42.16461063;-79.96183274
42.16461921;-79.96180949
42.16462782;-79.96178643
42.16463643;-79.96176353
42.16464493;-79.9617408
42.16465338;-79.96171843
42.16466163;-79.96169646
42.16466954;-79.96167482
42.16467736;-79.96165369
42.16468513;-79.96163294
42.16469278;-79.9616122
42.16470055;-79.9615917
42.16470836;-79.96157129
42.16471602;-79.9615509
42.16472367;-79.96153082
42.16473113;-79.96151106
42.16473838;-79.96149165
42.16474557;-79.96147276
42.16475254;-79.9614543
42.16475928;-79.96143628
42.1647658;-79.96141889
42.16477203;-79.96140212
42.16477793;-79.96138596
42.16478364;-79.96137053
42.16478913;-79.96135575
42.16479431;-79.96134146
42.16479931;-79.96132788
42.16480412;-79.96131504
42.1648086;-79.96130275
42.16481284;-79.96129123
42.1648169;-79.96128051
42.16482068;-79.96127039
42.16482442;-79.96126094
42.16482805;-79.96125193
42.16483152;-79.96124303
42.164835;-79.96123436
42.16483831;-79.96122594
42.16484151;-79.96121761
42.16484461;-79.96120963
42.16484758;-79.96120202
42.16485035;-79.96119476
42.16485307;-79.9611879
42.1648557;-79.9611813
42.16485825;-79.96117476
42.16486086;-79.96116842
42.16486339;-79.96116225
42.16486576;-79.96115602
42.16486811;-79.96114987
42.16487041;-79.96114382
42.1648726;-79.96113785
42.16487478;-79.96113217
42.16487679;-79.96112678
42.16487856;-79.96112164
42.1648802;-79.96111702
42.16488156;-79.96111315
42.16488245;-79.96111007
42.16488289;-79.96110812
42.16488294;-79.96110754
42.16488269;-79.96110759
